<?xml version="1.0" encoding="UTF-8"?>
<GenRun Id="impl_1" LaunchPart="xc7z020clg484-1" LaunchTime="1673107890">
  <File Type="OPT-HWDEF" Name="mealy_fsm_1101.hwdef"/>
  <File Type="ROUTE-BUS-SKEW" Name="mealy_fsm_1101_bus_skew_routed.rpt"/>
  <File Type="PA-DCP" Name="mealy_fsm_1101.dcp"/>
  <File Type="BITSTR-BMM" Name="mealy_fsm_1101_bd.bmm"/>
  <File Type="OPT-METHODOLOGY-DRC" Name="mealy_fsm_1101_methodology_drc_opted.rpt"/>
  <File Type="INIT-TIMING" Name="mealy_fsm_1101_timing_summary_init.rpt"/>
  <File Type="ROUTE-PWR" Name="mealy_fsm_1101_power_routed.rpt"/>
  <File Type="PA-TCL" Name="mealy_fsm_1101.tcl"/>
  <File Type="OPT-TIMING" Name="mealy_fsm_1101_timing_summary_opted.rpt"/>
  <File Type="OPT-DCP" Name="mealy_fsm_1101_opt.dcp"/>
  <File Type="ROUTE-PWR-SUM" Name="mealy_fsm_1101_power_summary_routed.pb"/>
  <File Type="REPORTS-TCL" Name="mealy_fsm_1101_reports.tcl"/>
  <File Type="OPT-DRC" Name="mealy_fsm_1101_drc_opted.rpt"/>
  <File Type="PWROPT-DCP" Name="mealy_fsm_1101_pwropt.dcp"/>
  <File Type="PWROPT-DRC" Name="mealy_fsm_1101_drc_pwropted.rpt"/>
  <File Type="PWROPT-TIMING" Name="mealy_fsm_1101_timing_summary_pwropted.rpt"/>
  <File Type="PLACE-DCP" Name="mealy_fsm_1101_placed.dcp"/>
  <File Type="PLACE-IO" Name="mealy_fsm_1101_io_placed.rpt"/>
  <File Type="PLACE-CLK" Name="mealy_fsm_1101_clock_utilization_placed.rpt"/>
  <File Type="PLACE-UTIL" Name="mealy_fsm_1101_utilization_placed.rpt"/>
  <File Type="PLACE-UTIL-PB" Name="mealy_fsm_1101_utilization_placed.pb"/>
  <File Type="PLACE-CTRL" Name="mealy_fsm_1101_control_sets_placed.rpt"/>
  <File Type="PLACE-SIMILARITY" Name="mealy_fsm_1101_incremental_reuse_placed.rpt"/>
  <File Type="PLACE-PRE-SIMILARITY" Name="mealy_fsm_1101_incremental_reuse_pre_placed.rpt"/>
  <File Type="PLACE-TIMING" Name="mealy_fsm_1101_timing_summary_placed.rpt"/>
  <File Type="POSTPLACE-PWROPT-DCP" Name="mealy_fsm_1101_postplace_pwropt.dcp"/>
  <File Type="BG-BIN" Name="mealy_fsm_1101.bin"/>
  <File Type="POSTPLACE-PWROPT-TIMING" Name="mealy_fsm_1101_timing_summary_postplace_pwropted.rpt"/>
  <File Type="PHYSOPT-DCP" Name="mealy_fsm_1101_physopt.dcp"/>
  <File Type="PHYSOPT-DRC" Name="mealy_fsm_1101_drc_physopted.rpt"/>
  <File Type="BITSTR-MSK" Name="mealy_fsm_1101.msk"/>
  <File Type="PHYSOPT-TIMING" Name="mealy_fsm_1101_timing_summary_physopted.rpt"/>
  <File Type="ROUTE-ERROR-DCP" Name="mealy_fsm_1101_routed_error.dcp"/>
  <File Type="ROUTE-DCP" Name="mealy_fsm_1101_routed.dcp"/>
  <File Type="ROUTE-BLACKBOX-DCP" Name="mealy_fsm_1101_routed_bb.dcp"/>
  <File Type="ROUTE-DRC" Name="mealy_fsm_1101_drc_routed.rpt"/>
  <File Type="ROUTE-DRC-PB" Name="mealy_fsm_1101_drc_routed.pb"/>
  <File Type="BITSTR-LTX" Name="debug_nets.ltx"/>
  <File Type="BITSTR-LTX" Name="mealy_fsm_1101.ltx"/>
  <File Type="ROUTE-DRC-RPX" Name="mealy_fsm_1101_drc_routed.rpx"/>
  <File Type="BITSTR-MMI" Name="mealy_fsm_1101.mmi"/>
  <File Type="ROUTE-METHODOLOGY-DRC" Name="mealy_fsm_1101_methodology_drc_routed.rpt"/>
  <File Type="ROUTE-METHODOLOGY-DRC-RPX" Name="mealy_fsm_1101_methodology_drc_routed.rpx"/>
  <File Type="BITSTR-SYSDEF" Name="mealy_fsm_1101.sysdef"/>
  <File Type="ROUTE-METHODOLOGY-DRC-PB" Name="mealy_fsm_1101_methodology_drc_routed.pb"/>
  <File Type="ROUTE-PWR-RPX" Name="mealy_fsm_1101_power_routed.rpx"/>
  <File Type="ROUTE-STATUS" Name="mealy_fsm_1101_route_status.rpt"/>
  <File Type="ROUTE-STATUS-PB" Name="mealy_fsm_1101_route_status.pb"/>
  <File Type="ROUTE-TIMINGSUMMARY" Name="mealy_fsm_1101_timing_summary_routed.rpt"/>
  <File Type="ROUTE-TIMING-PB" Name="mealy_fsm_1101_timing_summary_routed.pb"/>
  <File Type="ROUTE-TIMING-RPX" Name="mealy_fsm_1101_timing_summary_routed.rpx"/>
  <File Type="ROUTE-SIMILARITY" Name="mealy_fsm_1101_incremental_reuse_routed.rpt"/>
  <File Type="ROUTE-CLK" Name="mealy_fsm_1101_clock_utilization_routed.rpt"/>
  <File Type="ROUTE-BUS-SKEW-PB" Name="mealy_fsm_1101_bus_skew_routed.pb"/>
  <File Type="ROUTE-BUS-SKEW-RPX" Name="mealy_fsm_1101_bus_skew_routed.rpx"/>
  <File Type="POSTROUTE-PHYSOPT-DCP" Name="mealy_fsm_1101_postroute_physopt.dcp"/>
  <File Type="POSTROUTE-PHYSOPT-BLACKBOX-DCP" Name="mealy_fsm_1101_postroute_physopt_bb.dcp"/>
  <File Type="POSTROUTE-PHYSOPT-TIMING" Name="mealy_fsm_1101_timing_summary_postroute_physopted.rpt"/>
  <File Type="POSTROUTE-PHYSOPT-TIMING-PB" Name="mealy_fsm_1101_timing_summary_postroute_physopted.pb"/>
  <File Type="POSTROUTE-PHYSOPT-TIMING-RPX" Name="mealy_fsm_1101_timing_summary_postroute_physopted.rpx"/>
  <File Type="POSTROUTE-PHYSOPT-BUS-SKEW" Name="mealy_fsm_1101_bus_skew_postroute_physopted.rpt"/>
  <File Type="POSTROUTE-PHYSOPT-BUS-SKEW-PB" Name="mealy_fsm_1101_bus_skew_postroute_physopted.pb"/>
  <File Type="BG-BIT" Name="mealy_fsm_1101.bit"/>
  <File Type="POSTROUTE-PHYSOPT-BUS-SKEW-RPX" Name="mealy_fsm_1101_bus_skew_postroute_physopted.rpx"/>
  <File Type="BITSTR-RBT" Name="mealy_fsm_1101.rbt"/>
  <File Type="BITSTR-NKY" Name="mealy_fsm_1101.nky"/>
  <File Type="BG-BGN" Name="mealy_fsm_1101.bgn"/>
  <File Type="BG-DRC" Name="mealy_fsm_1101.drc"/>
  <File Type="RDI-RDI" Name="mealy_fsm_1101.vdi"/>
  <File Type="WBT-USG" Name="usage_statistics_webtalk.html"/>
  <FileSet Name="sources" Type="DesignSrcs" RelSrcDir="$PSRCDIR/sources_1">
    <Filter Type="Srcs"/>
    <File Path="$PSRCDIR/sources_1/new/melay_1101.v">
      <FileInfo>
        <Attr Name="UsedIn" Val="synthesis"/>
        <Attr Name="UsedIn" Val="implementation"/>
        <Attr Name="UsedIn" Val="simulation"/>
      </FileInfo>
    </File>
    <File Path="$PSRCDIR/sources_1/new/blocking.v">
      <FileInfo>
        <Attr Name="AutoDisabled" Val="1"/>
        <Attr Name="UsedIn" Val="synthesis"/>
        <Attr Name="UsedIn" Val="implementation"/>
        <Attr Name="UsedIn" Val="simulation"/>
      </FileInfo>
    </File>
    <File Path="$PSRCDIR/sources_1/new/moore_1011.v">
      <FileInfo>
        <Attr Name="AutoDisabled" Val="1"/>
        <Attr Name="UsedIn" Val="synthesis"/>
        <Attr Name="UsedIn" Val="implementation"/>
        <Attr Name="UsedIn" Val="simulation"/>
      </FileInfo>
    </File>
    <Config>
      <Option Name="DesignMode" Val="RTL"/>
      <Option Name="TopModule" Val="mealy_fsm_1101"/>
    </Config>
  </FileSet>
  <FileSet Name="constrs_in" Type="Constrs" RelSrcDir="$PSRCDIR/constrs_1">
    <Filter Type="Constrs"/>
    <Config>
      <Option Name="ConstrsType" Val="XDC"/>
    </Config>
  </FileSet>
  <Strategy Version="1" Minor="2">
    <StratHandle Name="Vivado Implementation Defaults" Flow="Vivado Implementation 2018"/>
    <Step Id="init_design"/>
    <Step Id="opt_design"/>
    <Step Id="power_opt_design"/>
    <Step Id="place_design"/>
    <Step Id="post_place_power_opt_design"/>
    <Step Id="phys_opt_design"/>
    <Step Id="route_design"/>
    <Step Id="post_route_phys_opt_design"/>
    <Step Id="write_bitstream"/>
  </Strategy>
</GenRun>
