<?xml version="1.0" encoding="UTF-8"?>
<GenRun Id="synth_1" LaunchPart="xc7z020clg484-1" LaunchTime="1673107808">
  <File Type="PA-TCL" Name="mealy_fsm_1101.tcl"/>
  <File Type="RDS-PROPCONSTRS" Name="mealy_fsm_1101_drc_synth.rpt"/>
  <File Type="REPORTS-TCL" Name="mealy_fsm_1101_reports.tcl"/>
  <File Type="RDS-RDS" Name="mealy_fsm_1101.vds"/>
  <File Type="RDS-UTIL" Name="mealy_fsm_1101_utilization_synth.rpt"/>
  <File Type="RDS-UTIL-PB" Name="mealy_fsm_1101_utilization_synth.pb"/>
  <File Type="RDS-DCP" Name="mealy_fsm_1101.dcp"/>
  <File Type="VDS-TIMINGSUMMARY" Name="mealy_fsm_1101_timing_summary_synth.rpt"/>
  <File Type="VDS-TIMING-PB" Name="mealy_fsm_1101_timing_summary_synth.pb"/>
  <FileSet Name="sources" Type="DesignSrcs" RelSrcDir="$PSRCDIR/sources_1">
    <Filter Type="Srcs"/>
    <File Path="$PSRCDIR/sources_1/new/melay_1101.v">
      <FileInfo>
        <Attr Name="UsedIn" Val="synthesis"/>
        <Attr Name="UsedIn" Val="implementation"/>
        <Attr Name="UsedIn" Val="simulation"/>
      </FileInfo>
    </File>
    <File Path="$PSRCDIR/sources_1/new/blocking.v">
      <FileInfo>
        <Attr Name="AutoDisabled" Val="1"/>
        <Attr Name="UsedIn" Val="synthesis"/>
        <Attr Name="UsedIn" Val="implementation"/>
        <Attr Name="UsedIn" Val="simulation"/>
      </FileInfo>
    </File>
    <File Path="$PSRCDIR/sources_1/new/moore_1011.v">
      <FileInfo>
        <Attr Name="AutoDisabled" Val="1"/>
        <Attr Name="UsedIn" Val="synthesis"/>
        <Attr Name="UsedIn" Val="implementation"/>
        <Attr Name="UsedIn" Val="simulation"/>
      </FileInfo>
    </File>
    <Config>
      <Option Name="DesignMode" Val="RTL"/>
      <Option Name="TopModule" Val="mealy_fsm_1101"/>
    </Config>
  </FileSet>
  <FileSet Name="constrs_in" Type="Constrs" RelSrcDir="$PSRCDIR/constrs_1">
    <Filter Type="Constrs"/>
    <Config>
      <Option Name="ConstrsType" Val="XDC"/>
    </Config>
  </FileSet>
  <Strategy Version="1" Minor="2">
    <StratHandle Name="Vivado Synthesis Defaults" Flow="Vivado Synthesis 2018"/>
    <Step Id="synth_design"/>
  </Strategy>
</GenRun>
